GAME_ID,PIT_ID,INN_CT,BAT_HOME_ID,OUTS_CT,AWAY_SCORE_CT,HOME_SCORE_CT,onFirst,onSecond,onThird,"IF(SAVE_PIT_ID = '', 'None', SAVE_PIT_ID)"
ANA201004050,jepsk001,7,0,0,3,4,0,0,0,fuenb001
ANA201004050,rodnf001,8,0,0,3,4,0,0,0,fuenb001
ANA201004050,fuenb001,9,0,0,3,6,0,0,0,fuenb001
ANA201004050,craij001,5,1,2,3,4,1,0,1,fuenb001
ANA201004050,mijaj001,7,1,1,3,4,0,0,0,fuenb001
ANA201004050,neshp001,8,1,0,3,6,0,0,0,fuenb001
ANA201004060,palmm001,6,0,0,5,3,0,0,0,raucj001
ANA201004060,stokb001,8,0,0,5,3,0,0,0,raucj001
ANA201004060,duenb001,7,1,2,5,3,0,1,0,raucj001
ANA201004060,guerm001,8,1,0,5,3,0,0,0,raucj001
ANA201004060,raucj001,9,1,0,5,3,0,0,0,raucj001
ANA201004070,bulgj001,7,0,0,4,1,0,0,0,raucj001
ANA201004070,shies002,9,0,0,4,1,0,0,0,raucj001
ANA201004070,guerm001,8,1,0,4,1,0,0,0,raucj001
ANA201004070,raucj001,9,1,0,4,1,0,0,0,raucj001
ANA201004080,jepsk001,7,0,0,3,1,1,0,0,None
ANA201004080,stokb001,8,0,0,3,1,0,0,0,None
ANA201004080,rodnf001,9,0,0,6,1,0,0,0,None
ANA201004080,neshp001,6,1,1,3,1,1,1,0,None
ANA201004080,mijaj001,7,1,0,3,1,0,0,0,None
ANA201004080,craij001,8,1,0,6,1,0,0,0,None
ANA201004080,burna002,9,1,0,10,1,0,0,0,None
ANA201004090,bulgj001,6,0,0,5,2,1,1,1,None
ANA201004090,cassb001,7,0,2,10,2,0,0,0,None
ANA201004090,ramie003,7,1,0,10,2,0,1,0,None
ANA201004090,bresc001,9,1,1,10,4,1,0,0,None
ANA201004100,jepsk001,7,0,0,1,3,0,0,0,None
ANA201004100,shies002,8,0,0,2,3,0,0,0,None
ANA201004100,rodnf001,9,0,0,3,3,0,0,0,None
ANA201004100,blevj001,7,1,0,2,3,0,0,0,None
ANA201004100,ziegb001,8,1,0,3,3,0,0,0,None
ANA201004100,bresc001,9,1,0,3,3,0,0,0,None
ANA201004110,jepsk001,7,0,0,2,3,0,1,1,rosst001
ANA201004110,shies002,8,0,0,4,3,0,0,0,rosst001
ANA201004110,stokb001,8,0,2,5,3,1,1,0,rosst001
ANA201004110,cassb001,9,0,0,7,3,0,0,0,rosst001
ANA201004110,rosst001,7,1,0,4,3,0,0,0,rosst001
ANA201004190,jepsk001,8,0,1,0,2,1,1,0,rodnf001
ANA201004190,rodnf001,9,0,0,0,2,0,0,0,rodnf001
ANA201004190,bonie002,7,1,0,0,2,0,0,0,rodnf001
ANA201004200,bulgj001,6,0,2,0,6,1,1,0,rodnf001
ANA201004200,shies002,7,0,0,2,6,0,0,0,rodnf001
ANA201004200,palmm001,7,0,2,2,6,1,1,1,rodnf001
ANA201004200,jepsk001,8,0,0,5,6,0,0,0,rodnf001
ANA201004200,rodnf001,9,0,0,5,6,0,0,0,rodnf001
ANA201004200,ni--f001,5,1,1,0,6,0,1,0,rodnf001
ANA201004200,zumaj001,7,1,0,5,6,0,0,0,rodnf001
ANA201004210,bulgj001,8,0,0,2,3,0,0,0,valvj001
ANA201004210,fuenb001,9,0,0,2,3,0,0,0,valvj001
ANA201004210,stokb001,9,0,2,4,3,1,0,0,valvj001
ANA201004210,bonie002,7,1,0,2,3,0,0,0,valvj001
ANA201004210,cokep001,8,1,0,2,3,0,0,0,valvj001
ANA201004210,valvj001,9,1,0,4,3,0,0,0,valvj001
ANA201004220,palmm001,3,0,2,5,2,1,0,1,valvj001
ANA201004220,stokb001,8,0,0,5,4,0,0,0,valvj001
ANA201004220,bulgj001,9,0,1,5,4,1,1,0,valvj001
ANA201004220,zumaj001,6,1,0,5,4,0,0,0,valvj001
ANA201004220,cokep001,7,1,2,5,4,0,0,1,valvj001
ANA201004220,perrr001,8,1,0,5,4,1,0,0,valvj001
ANA201004220,valvj001,9,1,0,5,4,0,0,0,valvj001
ANA201004230,jepsk001,7,0,0,4,4,0,0,0,fuenb001
ANA201004230,rodnf001,8,0,0,4,4,0,0,0,fuenb001
ANA201004230,fuenb001,9,0,0,4,6,0,0,0,fuenb001
ANA201004230,robed002,7,1,1,4,4,1,0,0,fuenb001
ANA201004230,chamj002,8,1,0,4,4,0,0,0,fuenb001
ANA201004240,shies002,7,0,0,6,1,0,0,0,None
ANA201004240,stokb001,8,0,0,7,1,0,0,0,None
ANA201004240,martd004,9,1,0,7,1,0,0,0,None
ANA201004250,bulgj001,6,0,1,4,5,0,0,0,None
ANA201004250,jepsk001,7,0,0,4,5,0,0,0,None
ANA201004250,rodnf001,8,0,0,4,8,0,0,0,None
ANA201004250,shies002,9,0,0,4,8,0,0,0,None
ANA201004250,logab001,4,1,2,3,5,0,0,1,None
ANA201004250,aceva001,5,1,2,3,5,1,0,0,None
ANA201004250,martd004,7,1,1,4,5,0,0,0,None
ANA201004250,mitrs001,8,1,0,4,8,0,0,0,None
ANA201004260,bulgj001,7,0,0,1,5,0,0,0,fuenb001
ANA201004260,jepsk001,7,0,1,1,5,1,1,1,fuenb001
ANA201004260,stokb001,8,0,0,1,5,0,0,0,fuenb001
ANA201004260,rodnf001,8,0,1,2,5,1,0,0,fuenb001
ANA201004260,fuenb001,9,0,0,2,5,0,0,0,fuenb001
ANA201004260,perer002,6,1,1,1,5,0,0,0,fuenb001
ANA201004260,sippt001,7,1,1,1,5,1,0,1,fuenb001
ANA201004270,palmm001,6,0,0,3,1,0,0,0,None
ANA201004270,shies002,8,0,1,7,1,0,0,1,None
ANA201004270,stokb001,9,0,0,8,1,0,0,0,None
ANA201004270,laffa001,7,1,1,4,1,1,0,0,None
ANA201004270,lewij003,8,1,0,8,1,0,0,0,None
ANA201004270,smitj002,8,1,2,8,1,1,1,1,None
ANA201004280,jepsk001,7,0,2,3,3,1,0,0,None
ANA201004280,rodnf001,8,0,0,3,3,0,0,0,None
ANA201004280,fuenb001,9,0,0,3,3,0,0,0,None
ANA201004280,wrigj001,7,1,0,3,3,0,0,0,None
ANA201004280,sippt001,8,1,0,3,3,0,0,0,None
ANA201004280,smitj002,9,1,0,3,3,0,0,0,None
ANA201004280,perer002,9,1,0,3,3,1,1,0,None
ANA201004280,perec002,9,1,2,3,3,1,0,1,None
ANA201005100,jepsk001,7,0,1,0,4,1,1,0,None
ANA201005100,rodnf001,8,0,0,0,4,0,0,0,None
ANA201005100,fuenb001,9,0,0,1,4,0,0,0,None
ANA201005100,bulgj001,10,0,0,4,4,0,0,0,None
ANA201005100,bellt002,11,0,2,4,4,1,0,0,None
ANA201005100,wheed001,8,1,2,1,4,1,0,0,None
ANA201005100,choar001,10,1,0,4,4,0,0,0,None
ANA201005100,balfg001,10,1,2,4,4,0,0,0,None
ANA201005110,bellt002,6,0,0,3,0,0,0,0,None
ANA201005110,shies002,7,0,0,3,0,1,1,0,None
ANA201005110,cassb001,8,0,0,6,0,0,0,0,None
ANA201005110,corml001,8,1,1,6,0,1,1,0,None
ANA201005110,choar001,8,1,1,6,1,1,1,1,None
ANA201005110,balfg001,8,1,1,6,2,1,1,1,None
ANA201005110,benoj001,9,1,0,7,2,0,0,0,None
ANA201005120,jepsk001,8,0,0,4,3,0,0,0,sorir001
ANA201005120,rodnf001,9,0,0,4,3,0,0,0,sorir001
ANA201005120,choar001,7,1,1,4,2,0,1,1,sorir001
ANA201005120,balfg001,7,1,2,4,3,0,1,0,sorir001
ANA201005120,wheed001,8,1,1,4,3,0,0,0,sorir001
ANA201005120,corml001,8,1,2,4,3,1,0,0,sorir001
ANA201005120,sorir001,9,1,0,4,3,0,0,0,sorir001
ANA201005150,bellt002,7,0,0,3,8,0,0,0,None
ANA201005150,cassb001,8,0,0,3,12,0,0,0,None
ANA201005150,blevj001,4,1,2,2,3,0,0,0,None
ANA201005150,gaudc001,5,1,1,2,4,0,1,1,None
ANA201005150,bresc001,8,1,0,3,12,0,0,0,None
ANA201005160,rodrh002,8,1,0,0,3,0,0,0,None
ANA201005240,bulgj001,7,0,1,2,0,1,0,0,None
ANA201005240,cassb001,7,0,1,4,0,1,0,1,None
ANA201005240,shies002,9,0,0,6,0,0,0,0,None
ANA201005240,frasj002,8,1,1,6,0,1,1,0,None
ANA201005240,downs001,9,1,0,6,0,0,0,0,None
ANA201005250,roenj001,6,1,1,2,7,0,1,0,None
ANA201005250,purcd001,8,1,0,3,8,0,0,0,None
ANA201005260,jepsk001,7,0,0,3,5,0,0,0,None
ANA201005260,rodnf001,8,0,0,4,5,0,0,0,None
ANA201005260,fuenb001,9,0,0,4,5,0,0,0,None
ANA201005260,lewir002,6,1,0,3,3,0,0,0,None
ANA201005260,camps002,6,1,0,3,5,0,0,0,None
ANA201005260,frasj002,7,1,0,4,5,0,0,0,None
ANA201005260,downs001,8,1,0,4,5,0,0,0,None
ANA201005280,bellt002,6,0,1,6,3,1,0,0,None
ANA201005280,rodrf005,8,0,0,6,3,0,0,0,None
ANA201005280,shies002,9,0,0,6,3,0,0,0,None
ANA201005280,kells001,9,1,0,8,3,0,0,0,None
ANA201005290,rodrf005,8,0,0,1,0,0,0,0,None
ANA201005290,fuenb001,10,0,0,1,1,0,0,0,None
ANA201005290,leagb001,9,1,0,1,1,1,0,0,None
ANA201005300,bellt002,5,0,1,5,2,1,0,1,None
ANA201005300,bulgj001,7,0,0,7,5,0,0,0,None
ANA201005300,jepsk001,8,0,1,7,6,0,1,0,None
ANA201005300,rodnf001,9,0,0,7,6,0,0,0,None
ANA201005300,coloj001,5,1,0,7,2,1,1,0,None
ANA201005300,texek001,6,1,0,7,3,0,0,0,None
ANA201005300,kells001,6,1,2,7,4,1,1,1,None
ANA201005300,aardd001,9,1,0,7,6,0,0,0,None
ANA201006140,bellt002,6,0,2,6,2,1,0,0,None
ANA201006140,rodrr006,8,0,0,11,2,0,0,0,None
ANA201006140,villc001,8,1,0,11,2,0,0,0,None
ANA201006140,smitc002,9,1,0,12,2,0,0,0,None
ANA201006150,shies002,6,0,0,6,0,0,0,0,None
ANA201006150,rodrf005,8,0,0,6,0,0,0,0,None
ANA201006150,loe-k001,8,1,1,7,1,0,1,0,None
ANA201006150,axfoj001,9,1,0,7,1,0,0,0,None
ANA201006160,rodnf001,9,0,0,1,5,0,0,0,None
ANA201006160,villc001,5,1,1,1,4,1,0,1,None
ANA201006160,riskd001,7,1,0,1,5,0,0,0,None
ANA201006160,bradz001,7,1,2,1,5,1,0,0,None
ANA201006160,hofft001,8,1,0,1,5,0,0,0,None
ANA201006220,rodnf001,8,0,0,3,6,0,0,0,fuenb001
ANA201006220,fuenb001,9,0,0,3,6,0,0,0,fuenb001
ANA201006220,belir001,7,1,2,3,3,1,0,1,fuenb001
ANA201006220,tronr001,8,1,0,3,6,0,0,0,fuenb001
ANA201006230,jepsk001,8,0,1,1,2,1,0,0,fuenb001
ANA201006230,fuenb001,9,0,0,1,2,0,0,0,fuenb001
ANA201006230,broxj001,8,1,0,1,2,0,0,0,fuenb001
ANA201006240,shies002,4,0,2,5,1,1,0,0,None
ANA201006240,rodrf005,7,0,0,6,4,0,0,0,None
ANA201006240,bellt002,7,0,1,8,4,1,1,0,None
ANA201006240,osuls001,9,0,0,10,4,0,0,0,None
ANA201006240,tronr001,5,1,2,6,2,1,1,0,None
ANA201006240,weavj002,6,1,1,6,4,1,0,0,None
ANA201006240,kuo-h001,7,1,1,8,4,0,0,0,None
ANA201006240,millj002,8,1,0,10,4,0,0,0,None
ANA201006240,sherg001,9,1,0,10,5,0,1,0,None
ANA201006240,broxj001,9,1,0,10,6,1,0,0,None
ANA201006250,rodnf001,8,0,0,2,3,0,0,0,corpm001
ANA201006250,fuenb001,9,0,0,3,3,0,0,0,corpm001
ANA201006250,jepsk001,10,0,0,3,3,0,0,0,corpm001
ANA201006250,rodrf005,11,0,0,3,3,0,0,0,corpm001
ANA201006250,osuls001,11,0,2,4,3,0,1,1,corpm001
ANA201006250,betar001,7,1,1,2,3,0,1,0,corpm001
ANA201006250,florr001,8,1,0,3,3,0,0,0,corpm001
ANA201006250,belim001,8,1,1,3,3,0,0,0,corpm001
ANA201006250,corpm001,11,1,0,4,3,1,0,0,corpm001
ANA201006260,rodnf001,8,0,0,2,4,0,0,0,fuenb001
ANA201006260,fuenb001,9,0,0,2,4,0,0,0,fuenb001
ANA201006270,shies002,7,0,2,3,5,1,0,0,None
ANA201006270,jepsk001,8,0,0,3,5,0,0,0,None
ANA201006270,rodrf005,9,0,0,3,10,0,0,0,None
ANA201006270,moraf001,7,1,0,3,5,0,0,0,None
ANA201006270,corpm001,8,1,1,3,5,1,1,0,None
ANA201006290,jepsk001,7,0,0,3,6,0,0,0,fuenb001
ANA201006290,rodnf001,8,0,0,5,6,0,0,0,fuenb001
ANA201006290,fuenb001,9,0,0,5,6,0,0,0,fuenb001
ANA201006290,olivd001,6,1,2,3,3,1,1,0,fuenb001
ANA201006290,ogana001,7,1,0,5,6,0,0,0,fuenb001
ANA201006290,franf001,8,1,0,5,6,0,0,0,fuenb001
ANA201006300,osuls001,5,0,2,5,3,1,0,0,felin001
ANA201006300,rodrf005,8,0,0,5,4,0,0,0,felin001
ANA201006300,nippd001,5,1,0,5,3,0,0,0,felin001
ANA201006300,franf001,8,1,0,6,4,0,0,0,felin001
ANA201006300,felin001,9,1,0,6,4,0,0,0,felin001
ANA201007010,rodnf001,8,0,0,0,2,0,0,0,fuenb001
ANA201007010,fuenb001,9,0,0,1,2,0,0,0,fuenb001
ANA201007010,odayd001,6,1,2,0,2,1,0,0,fuenb001
ANA201007010,olivd001,7,1,2,0,2,1,0,0,fuenb001
ANA201007010,ogana001,8,1,1,1,2,0,0,0,fuenb001
ANA201007020,fuenb001,9,0,0,0,1,1,0,0,sorij001
ANA201007020,shies002,10,0,0,1,1,0,0,0,sorij001
ANA201007020,woodb004,8,1,2,0,1,1,1,0,sorij001
ANA201007020,tejer001,9,1,2,1,1,1,0,1,sorij001
ANA201007020,sorij001,10,1,0,2,1,0,0,0,sorij001
ANA201007030,rodrf005,9,0,1,2,1,1,1,0,sorij001
ANA201007030,farnk001,8,1,1,2,1,0,0,0,sorij001
ANA201007030,sorij001,9,1,0,4,1,0,0,0,sorij001
ANA201007040,rodrf005,8,0,0,0,9,0,0,0,None
ANA201007040,rodnf001,9,0,0,0,11,0,0,0,None
ANA201007040,texek001,6,1,0,0,4,1,0,1,None
ANA201007040,martv002,7,1,0,0,7,0,0,0,None
ANA201007040,hughd001,8,1,0,0,9,0,0,0,None
ANA201007150,jepsk001,8,0,0,3,8,0,0,0,None
ANA201007150,rodrf005,9,0,0,3,8,0,0,0,None
ANA201007150,sweeb001,6,1,2,3,5,1,0,0,None
ANA201007150,wrigj001,7,1,2,3,7,0,1,0,None
ANA201007150,olsog003,8,1,0,3,8,0,0,0,None
ANA201007160,rodnf001,8,0,0,2,3,0,0,0,fuenb001
ANA201007160,fuenb001,9,0,0,2,3,0,0,0,fuenb001
ANA201007170,jepsk001,7,0,0,5,6,0,0,0,fuenb001
ANA201007170,rodnf001,8,0,0,6,7,0,0,0,fuenb001
ANA201007170,fuenb001,9,0,0,6,7,0,0,0,fuenb001
ANA201007170,seddc001,4,1,1,4,6,1,0,1,fuenb001
ANA201007170,sweeb001,6,1,0,5,6,0,0,0,fuenb001
ANA201007170,leagb001,7,1,2,6,7,0,0,0,fuenb001
ANA201007180,rodnf001,8,0,0,1,1,0,0,0,aardd001
ANA201007180,fuenb001,9,0,0,1,1,0,0,0,aardd001
ANA201007180,jepsk001,10,0,0,1,1,0,0,0,aardd001
ANA201007180,leagb001,8,1,2,1,1,1,0,0,aardd001
ANA201007180,aardd001,10,1,0,2,1,0,0,0,aardd001
ANA201007260,rodrf005,5,0,2,2,1,1,0,0,papej001
ANA201007260,jepsk001,7,0,0,2,1,0,0,0,papej001
ANA201007260,rodnf001,8,0,0,2,1,0,0,0,papej001
ANA201007260,kohnm001,9,0,0,4,3,0,0,0,papej001
ANA201007260,thomr006,9,0,1,6,3,0,1,0,papej001
ANA201007260,atchs001,8,1,0,4,1,0,0,0,papej001
ANA201007260,papej001,8,1,2,4,3,0,0,0,papej001
ANA201007270,jepsk001,8,0,0,2,1,0,0,0,papej001
ANA201007270,fuenb001,9,0,0,3,2,0,0,0,papej001
ANA201007270,bardd001,8,1,1,3,2,0,0,0,papej001
ANA201007270,papej001,9,1,0,4,2,0,0,0,papej001
ANA201007280,rodrf005,2,0,2,2,0,1,1,1,None
ANA201007280,thomr006,5,0,0,2,2,0,0,0,None
ANA201007280,rodnf001,8,0,0,3,3,0,0,0,None
ANA201007280,kohnm001,8,0,1,7,3,1,0,0,None
ANA201007280,delcm001,8,1,0,7,3,0,0,0,None
ANA201007280,ramir003,9,1,0,7,3,0,0,0,None
ANA201007300,bellt002,7,0,0,7,9,0,0,0,fuenb001
ANA201007300,rodnf001,8,0,0,7,9,0,0,0,fuenb001
ANA201007300,fuenb001,9,0,0,7,9,0,0,0,fuenb001
ANA201007300,harrm001,4,1,0,7,6,0,1,1,fuenb001
ANA201007300,ogana001,7,1,1,7,9,0,0,0,fuenb001
ANA201007300,olivd001,8,1,1,7,9,0,0,0,fuenb001
ANA201007310,franf001,8,1,0,2,1,0,0,0,felin001
ANA201007310,felin001,9,1,0,2,1,0,0,0,felin001
ANA201008010,rodnf001,8,0,0,1,3,0,0,0,fuenb001
ANA201008010,fuenb001,9,0,0,1,4,0,0,0,fuenb001
ANA201008090,jepsk001,7,0,1,2,5,1,0,1,fuenb001
ANA201008090,rodnf001,8,0,0,3,6,0,0,0,fuenb001
ANA201008090,fuenb001,9,0,0,4,6,0,0,0,fuenb001
ANA201008090,texek001,7,1,1,3,5,0,0,1,fuenb001
ANA201008090,chavj001,8,1,0,4,6,0,0,0,fuenb001
ANA201008100,rodnf001,8,0,0,1,3,0,0,0,fuenb001
ANA201008100,fuenb001,9,0,0,1,3,0,0,0,fuenb001
ANA201008100,humbp001,7,1,0,1,3,0,0,0,fuenb001
ANA201008110,jepsk001,9,0,0,1,1,0,0,0,None
ANA201008110,fuenb001,10,0,0,1,1,0,0,0,None
ANA201008110,woodb004,9,1,0,1,1,0,0,0,None
ANA201008110,chavj001,10,1,0,1,1,0,0,0,None
ANA201008130,rodrf005,7,0,0,2,0,0,0,0,gregk001
ANA201008130,shies002,8,0,0,3,0,0,0,0,gregk001
ANA201008130,kohnm001,9,0,0,3,0,0,0,0,gregk001
ANA201008130,downs001,8,1,0,3,0,0,0,0,gregk001
ANA201008130,gregk001,9,1,0,3,0,0,0,0,gregk001
ANA201008140,rodnf001,8,0,0,1,7,0,0,0,None
ANA201008140,bellt002,9,0,0,2,7,0,0,0,None
ANA201008140,tallb001,6,1,2,1,7,0,0,0,None
ANA201008140,jansc001,8,1,0,2,7,0,0,0,None
ANA201008150,rodrf005,8,0,0,4,1,0,0,0,gregk001
ANA201008150,kohnm001,9,0,0,4,1,0,0,0,gregk001
ANA201008150,frasj002,8,1,0,4,1,0,0,0,gregk001
ANA201008150,gregk001,9,1,0,4,1,0,0,0,gregk001
ANA201008230,kohnm001,6,0,1,4,2,1,1,0,sorir001
ANA201008230,rodrf005,7,0,0,4,2,0,0,0,sorir001
ANA201008230,jepsk001,8,0,0,4,3,0,0,0,sorir001
ANA201008230,rodnf001,9,0,0,4,3,0,0,0,sorir001
ANA201008230,choar001,7,1,0,4,2,1,0,0,sorir001
ANA201008230,qualc001,7,1,1,4,2,1,0,0,sorir001
ANA201008230,benoj001,8,1,0,4,3,0,0,0,sorir001
ANA201008230,sorir001,9,1,0,4,3,0,0,0,sorir001
ANA201008240,kohnm001,6,0,1,6,1,0,0,0,None
ANA201008240,waldj001,7,0,0,6,2,0,0,0,None
ANA201008240,shies002,8,0,0,7,3,0,0,0,None
ANA201008240,fuenb001,9,0,0,7,3,0,0,0,None
ANA201008240,qualc001,6,1,1,6,1,0,1,1,None
ANA201008240,corml001,7,1,0,7,2,0,0,0,None
ANA201008240,wheed001,8,1,2,7,3,1,1,0,None
ANA201008240,sonna001,9,1,0,10,3,0,0,0,None
ANA201008250,jepsk001,7,0,0,1,12,0,0,0,None
ANA201008250,rodrf005,7,0,2,3,12,0,1,0,None
ANA201008250,rodnf001,8,0,0,3,12,0,0,0,None
ANA201008250,shies002,9,0,0,3,12,0,0,0,None
ANA201008250,sonna001,4,1,1,1,8,1,1,0,None
ANA201008250,corml001,7,1,0,3,12,0,0,0,None
ANA201008270,rodrf005,8,0,0,2,1,0,0,0,uehak001
ANA201008270,waldj001,9,0,0,3,1,0,0,0,uehak001
ANA201008270,uehak001,9,1,0,3,1,0,0,0,uehak001
ANA201008280,kohnm001,6,0,2,4,0,0,1,1,None
ANA201008280,shies002,7,0,0,4,0,0,0,0,None
ANA201008280,thomr006,9,0,0,5,0,0,0,0,None
ANA201008280,johnj010,9,1,0,5,0,0,0,0,None
ANA201008290,rodnf001,9,0,0,1,0,0,0,0,uehak001
ANA201008290,gonzm001,9,1,1,1,0,1,0,1,uehak001
ANA201008290,uehak001,9,1,2,1,0,1,0,1,uehak001
ANA201009060,jepsk001,8,0,0,2,2,0,0,0,perec002
ANA201009060,rodnf001,9,0,0,2,2,0,0,0,perec002
ANA201009060,smitj002,7,1,0,2,2,0,0,0,perec002
ANA201009060,sippt001,8,1,0,2,2,0,0,0,perec002
ANA201009060,lewij003,8,1,2,2,2,1,0,0,perec002
ANA201009060,perec002,9,1,0,3,2,0,0,0,perec002
ANA201009070,rodrf005,6,0,1,2,1,0,0,0,None
ANA201009070,cassb001,6,0,1,6,1,0,0,0,None
ANA201009070,shies002,7,0,0,6,1,0,0,0,None
ANA201009070,kohnm001,7,0,1,6,1,1,0,0,None
ANA201009070,thomr006,8,0,0,6,1,0,0,0,None
ANA201009070,germj001,8,1,0,6,1,0,0,0,None
ANA201009070,perer002,9,1,0,6,1,0,0,0,None
ANA201009080,waldj001,7,0,0,1,3,0,0,0,None
ANA201009080,jepsk001,8,0,0,2,3,0,0,0,None
ANA201009080,rodnf001,9,0,0,2,3,0,0,0,None
ANA201009080,cassb001,10,0,0,3,3,0,0,0,None
ANA201009080,kohnm001,12,0,0,3,3,0,0,0,None
ANA201009080,rodrf005,13,0,0,3,3,0,0,0,None
ANA201009080,palmm001,14,0,0,3,3,0,0,0,None
ANA201009080,herrf001,7,1,0,2,3,0,0,0,None
ANA201009080,lewij003,8,1,0,2,3,0,0,0,None
ANA201009080,perer002,8,1,1,2,3,1,0,0,None
ANA201009080,smitj002,9,1,0,3,3,0,0,0,None
ANA201009080,germj001,10,1,0,3,3,0,0,0,None
ANA201009080,sippt001,12,1,0,3,3,0,0,0,None
ANA201009080,ambrh001,13,1,1,3,3,0,0,0,None
ANA201009100,rodnf001,9,0,0,1,3,0,0,0,None
ANA201009100,jepsk001,10,0,0,3,3,0,0,0,None
ANA201009100,waldj001,11,0,0,3,3,0,0,0,None
ANA201009100,kohnm001,12,0,0,3,3,0,0,0,None
ANA201009100,thomr006,13,0,0,3,3,0,0,0,None
ANA201009100,rowlr002,7,1,2,1,3,0,0,1,None
ANA201009100,leagb001,9,1,0,3,3,0,0,0,None
ANA201009100,olsog003,11,1,0,3,3,0,0,0,None
ANA201009100,sweeb001,13,1,0,3,3,0,0,0,None
ANA201009110,rodrf005,8,0,1,3,7,0,0,0,rodnf001
ANA201009110,jepsk001,9,0,0,3,7,0,0,0,rodnf001
ANA201009110,rodnf001,9,0,2,4,7,1,1,0,rodnf001
ANA201009110,wrigj001,7,1,1,0,5,1,1,0,rodnf001
ANA201009120,waldj001,8,0,0,0,2,0,0,0,rodnf001
ANA201009120,rodnf001,9,0,0,0,3,0,0,0,rodnf001
ANA201009120,rowlr002,8,1,0,0,2,0,0,0,rodnf001
ANA201009200,jepsk001,7,0,2,2,6,1,1,0,rodnf001
ANA201009200,rodrf005,8,0,0,3,7,0,0,0,rodnf001
ANA201009200,rodnf001,9,0,0,4,7,0,0,0,rodnf001
ANA201009200,nippd001,4,1,2,1,4,0,1,0,rodnf001
ANA201009200,rapac001,6,1,1,1,4,1,1,0,rodnf001
ANA201009200,strop001,6,1,2,1,4,1,1,0,rodnf001
ANA201009200,ogana001,7,1,0,3,6,1,1,0,rodnf001
ANA201009200,harrm001,8,1,0,4,7,0,0,0,rodnf001
ANA201009210,olivd001,8,1,0,0,2,0,0,0,None
ANA201009220,waldj001,8,0,0,1,1,0,0,0,felin001
ANA201009220,rodnf001,9,0,0,1,1,0,0,0,felin001
ANA201009220,jepsk001,10,0,0,1,1,0,0,0,felin001
ANA201009220,kohnm001,11,0,0,1,1,0,0,0,felin001
ANA201009220,palmm001,12,0,0,1,1,0,0,0,felin001
ANA201009220,ogana001,7,1,0,1,1,1,0,0,felin001
ANA201009220,nippd001,9,1,0,1,1,0,0,0,felin001
ANA201009220,olivd001,10,1,0,1,1,0,0,0,felin001
ANA201009220,harrm001,11,1,0,1,1,0,0,0,felin001
ANA201009220,felin001,12,1,0,2,1,0,0,0,felin001
ANA201009240,rodnf001,9,0,0,1,1,0,0,0,None
ANA201009240,putzj001,7,1,0,1,1,0,0,0,None
ANA201009240,sants001,8,1,0,1,1,0,0,0,None
ANA201009240,thorm001,8,1,2,1,1,0,1,1,None
ANA201009250,palmm001,4,0,0,5,2,0,0,0,None
ANA201009250,thomr006,6,0,0,5,2,0,0,0,None
ANA201009250,bulgj001,8,0,0,6,2,0,0,0,None
ANA201009250,rodrf005,9,0,0,6,2,0,0,0,None
ANA201009250,putzj001,9,1,0,6,2,0,0,0,None
ANA201009250,salec001,9,1,0,6,2,1,0,0,None
ANA201009260,jepsk001,7,0,2,4,3,1,0,0,thorm001
ANA201009260,cassb001,9,0,0,4,3,0,0,0,thorm001
ANA201009260,lines001,7,1,0,4,3,0,0,0,thorm001
ANA201009260,thorm001,8,1,0,4,3,1,0,0,thorm001
ANA201009270,kohnm001,7,0,0,4,3,0,0,0,rodnf001
ANA201009270,waldj001,8,0,0,4,6,0,0,0,rodnf001
ANA201009270,rodnf001,9,0,0,5,6,0,0,0,rodnf001
ANA201009270,ziegb001,7,1,1,4,3,1,0,0,rodnf001
ANA201009270,jamej001,7,1,2,4,3,1,1,0,rodnf001
ANA201009270,wolfr002,7,1,2,4,6,1,1,1,rodnf001
ANA201009280,jepsk001,7,0,0,2,3,0,0,0,rodnf001
ANA201009280,waldj001,8,0,0,2,4,0,0,0,rodnf001
ANA201009280,rodnf001,9,0,0,2,4,0,0,0,rodnf001
ANA201009280,bonsb001,8,1,0,2,4,0,0,0,rodnf001
ANA201009290,kohnm001,8,0,0,1,1,0,0,0,None
ANA201009290,jepsk001,9,0,0,1,1,0,0,0,None
ANA201009290,cassb001,10,0,0,1,1,0,0,0,None
ANA201009290,bonsb001,7,1,2,1,1,1,0,0,None
ANA201009290,bresc001,8,1,0,1,1,0,0,0,None
ANA201009290,ziegb001,10,1,0,1,1,0,0,0,None
ANA201104080,rodnf001,9,0,0,3,2,0,0,0,raucj001
ANA201104080,doteo001,7,1,0,2,2,0,0,0,raucj001
ANA201104080,purcd001,8,1,0,3,2,0,0,0,raucj001
ANA201104080,camps002,8,1,0,3,2,1,0,0,raucj001
ANA201104080,raucj001,9,1,0,3,2,0,0,0,raucj001
ANA201104090,thomr006,5,0,2,5,5,0,0,1,None
ANA201104090,jepsk001,7,0,0,5,5,0,0,0,None
ANA201104090,takah001,7,0,2,5,5,0,0,1,None
ANA201104090,rodnf001,8,0,0,5,5,0,0,0,None
ANA201104090,waldj001,9,0,0,5,5,0,0,0,None
ANA201104090,kohnm001,10,0,0,5,5,0,0,0,None
ANA201104090,bulgj001,11,0,2,5,5,0,1,0,None
ANA201104090,hared001,14,0,0,5,5,0,0,0,None
ANA201104090,villc001,6,1,0,5,5,0,0,0,None
ANA201104090,rzepm001,8,1,0,5,5,0,0,0,None
ANA201104090,frasj002,10,1,0,5,5,0,0,0,None
ANA201104090,doteo001,11,1,0,5,5,1,0,0,None
ANA201104090,camps002,12,1,0,5,5,0,0,0,None
ANA201104090,raucj001,14,1,0,5,5,0,0,0,None
ANA201104100,takah001,8,0,2,1,3,1,1,0,rodnf001
ANA201104100,rodnf001,9,0,0,1,3,0,0,0,rodnf001
ANA201104100,purcd001,8,1,0,1,3,0,0,0,rodnf001
ANA201104100,richs001,8,1,2,1,3,1,1,0,rodnf001
ANA201104110,rodrf005,6,0,0,4,0,0,0,0,None
ANA201104110,downs001,8,0,0,4,0,0,0,0,None
ANA201104110,thomr006,9,0,0,4,0,0,0,0,None
ANA201104110,pestv001,9,1,0,4,0,0,1,0,None
ANA201104120,herrf001,8,1,2,0,2,1,0,1,None
ANA201104130,downs001,8,0,0,2,3,1,0,0,None
ANA201104130,rodnf001,8,0,2,3,3,0,0,1,None
ANA201104130,waldj001,10,0,0,3,3,0,0,0,None
ANA201104130,takah001,11,0,0,3,3,0,0,0,None
ANA201104130,pestv001,8,1,0,3,3,0,0,0,None
ANA201104130,sippt001,9,1,0,3,3,0,0,0,None
ANA201104130,perec002,10,1,2,3,3,1,0,0,None
ANA201104130,durbc001,12,1,0,3,3,0,0,0,None
ANA201104210,takah001,7,0,0,2,0,0,0,0,papej001
ANA201104210,rodnf001,8,0,0,2,2,0,0,0,papej001
ANA201104210,waldj001,9,0,0,2,2,0,0,0,papej001
ANA201104210,thomr006,10,0,0,2,2,0,0,0,papej001
ANA201104210,bulgj001,11,0,2,4,2,1,1,0,papej001
ANA201104210,bardd001,9,1,0,2,2,0,0,0,papej001
ANA201104210,jenkb001,10,1,0,2,2,0,0,0,papej001
ANA201104210,papej001,11,1,0,4,2,0,0,0,papej001
ANA201104220,rodrf005,7,0,0,4,0,0,0,0,papej001
ANA201104220,bellt002,8,0,0,4,1,0,0,0,papej001
ANA201104220,albem001,7,1,0,4,0,0,0,0,papej001
ANA201104220,jenkb001,8,1,0,4,1,0,0,0,papej001
ANA201104220,papej001,9,1,0,4,3,0,0,0,papej001
ANA201104230,bulgj001,8,0,0,5,0,0,0,0,None
ANA201104230,bardd001,9,1,0,5,0,0,0,0,None
ANA201104240,takah001,6,0,0,4,0,1,0,0,None
ANA201104240,rodrf005,7,0,0,6,0,0,0,0,None
ANA201104240,thomr006,8,0,0,7,0,0,0,0,None
ANA201104240,wheed001,9,1,0,7,0,0,0,0,None
ANA201104250,purcd001,6,1,0,0,5,0,0,0,None
ANA201104250,wuerm001,7,1,0,0,5,0,0,0,None
ANA201104250,blevj001,8,1,0,0,5,0,0,0,None
ANA201104260,rodrf005,6,0,1,3,7,1,0,0,None
ANA201104260,rodnf001,8,0,0,3,7,0,0,0,None
ANA201104260,waldj001,9,0,0,3,8,0,0,0,None
ANA201104260,ziegb001,6,1,1,3,7,0,1,0,None
ANA201104260,bresc001,7,1,0,3,7,0,0,0,None
ANA201104260,blevj001,8,1,0,3,7,0,0,0,None
ANA201104270,takah001,8,0,0,1,0,0,0,0,ziegb001
ANA201104270,thomr006,9,0,0,1,0,0,0,0,ziegb001
ANA201104270,waldj001,10,0,0,1,1,0,0,0,ziegb001
ANA201104270,balfg001,8,1,0,1,0,0,0,0,ziegb001
ANA201104270,fuenb001,9,1,0,1,0,0,0,0,ziegb001
ANA201104270,ziegb001,10,1,0,2,1,0,0,0,ziegb001
ANA201105060,downs001,9,0,0,1,1,0,0,0,None
ANA201105060,waldj001,10,0,0,1,1,0,0,0,None
ANA201105060,rodnf001,11,0,0,1,1,0,0,0,None
ANA201105060,perer002,8,1,0,1,1,0,0,0,None
ANA201105060,pestv001,9,1,0,1,1,0,0,0,None
ANA201105060,smitj002,10,1,0,1,1,0,0,0,None
ANA201105060,germj001,11,1,0,1,1,0,0,0,None
ANA201105070,takah001,7,0,0,4,3,0,0,0,perec002
ANA201105070,thomr006,8,0,1,4,3,0,0,0,perec002
ANA201105070,sippt001,7,1,0,4,3,0,0,0,perec002
ANA201105070,pestv001,8,1,0,4,3,0,0,0,perec002
ANA201105070,perec002,9,1,0,4,3,0,0,0,perec002
ANA201105080,downs001,7,0,2,2,3,1,0,0,waldj001
ANA201105080,rodnf001,8,0,0,2,3,0,0,0,waldj001
ANA201105080,waldj001,9,0,0,4,6,0,0,0,waldj001
ANA201105080,perer002,8,1,0,4,3,0,0,0,waldj001
ANA201105080,smitj002,8,1,2,4,3,0,1,0,waldj001
ANA201105090,bellt002,7,0,0,5,0,0,0,0,None
ANA201105090,rodrf005,8,0,0,8,0,0,0,0,None
ANA201105090,salec001,8,1,0,8,0,0,0,0,None
ANA201105090,ohmaw001,9,1,0,8,0,0,0,0,None
ANA201105100,rodnf001,8,0,2,2,6,1,1,0,None
ANA201105100,downs001,9,0,0,2,6,0,0,0,None
ANA201105100,grayj002,6,1,0,2,6,0,0,0,None
ANA201105110,downs001,7,0,1,1,4,0,0,0,thorm001
ANA201105110,thomr006,7,0,2,1,4,1,0,0,thorm001
ANA201105110,rodnf001,8,0,0,1,4,0,0,0,thorm001
ANA201105110,waldj001,9,0,0,2,4,0,0,0,thorm001
ANA201105110,jepsk001,10,0,0,4,4,0,0,0,thorm001
ANA201105110,craij001,7,1,0,1,4,0,0,0,thorm001
ANA201105110,sants001,8,1,0,2,4,0,0,0,thorm001
ANA201105110,thorm001,10,1,0,6,4,0,0,0,thorm001
ANA201105200,martc005,4,1,2,0,8,1,1,0,None
ANA201105200,valdl001,7,1,0,0,9,0,0,0,None
ANA201105210,rodnf001,7,0,1,3,4,0,1,0,kimbc001
ANA201105210,takah001,7,0,2,3,4,0,1,0,kimbc001
ANA201105210,downs001,8,0,0,4,4,0,0,0,kimbc001
ANA201105210,waldj001,9,0,0,4,4,0,0,0,kimbc001
ANA201105210,thomr006,10,0,0,4,4,0,0,0,kimbc001
ANA201105210,jepsk001,11,0,0,4,4,0,0,0,kimbc001
ANA201105210,bellt002,12,0,0,4,4,0,0,0,kimbc001
ANA201105210,oflae001,7,1,0,4,4,0,0,0,kimbc001
ANA201105210,ventj001,8,1,0,4,4,0,0,0,kimbc001
ANA201105210,sherg001,10,1,0,4,4,0,0,0,kimbc001
ANA201105210,procs001,11,1,0,4,4,0,0,0,kimbc001
ANA201105210,kimbc001,12,1,0,5,4,0,0,0,kimbc001
ANA201105220,downs001,8,0,0,1,4,0,0,0,waldj001
ANA201105220,waldj001,9,0,0,1,4,0,0,0,waldj001
ANA201105220,sherg001,7,1,0,1,3,0,0,0,waldj001
ANA201105220,procs001,7,1,1,1,4,0,1,0,waldj001
ANA201105220,lines001,8,1,0,1,4,0,0,0,waldj001
ANA201105230,downs001,8,0,0,1,1,0,0,0,waldj001
ANA201105230,waldj001,9,0,0,1,4,0,0,0,waldj001
ANA201105230,fuenb001,8,1,0,1,1,0,0,0,waldj001
ANA201105230,wuerm001,8,1,1,1,1,1,0,0,waldj001
ANA201105240,bellt002,8,0,0,5,0,0,0,0,None
ANA201105240,devij001,7,1,0,5,0,0,0,0,None
ANA201105240,bresc001,8,1,0,5,0,0,0,0,None
ANA201105240,ziegb001,9,1,0,6,1,0,0,0,None
ANA201105250,rodnf001,7,0,0,1,4,0,0,0,waldj001
ANA201105250,downs001,8,0,0,1,4,0,0,0,waldj001
ANA201105250,waldj001,9,0,0,1,4,0,0,0,waldj001
ANA201105250,purcd001,7,1,0,1,4,0,0,0,waldj001
ANA201105260,thomr006,7,0,1,4,0,1,1,0,None
ANA201105260,takah001,9,0,0,4,0,0,0,0,None
ANA201105260,balfg001,9,1,0,4,0,0,0,0,None
ANA201106030,downs001,8,0,0,2,3,0,0,0,waldj001
ANA201106030,waldj001,9,0,0,2,3,0,0,0,waldj001
ANA201106030,robed002,7,1,0,2,3,1,0,0,waldj001
ANA201106030,logab001,8,1,0,2,3,0,0,0,waldj001
ANA201106030,ayall001,8,1,0,2,3,1,0,0,waldj001
ANA201106040,thomr006,8,0,0,3,1,0,0,0,rivem002
ANA201106040,rivem002,9,1,2,3,2,1,0,0,rivem002
ANA201106050,takah001,7,0,2,4,3,1,0,0,rivem002
ANA201106050,jepsk001,8,0,0,4,3,0,0,0,rivem002
ANA201106050,bellt002,9,0,0,5,3,0,0,0,rivem002
ANA201106050,robed002,6,1,1,4,3,0,1,0,rivem002
ANA201106050,chamj002,7,1,1,4,3,0,0,0,rivem002
ANA201106050,rivem002,9,1,0,5,3,0,0,0,rivem002
ANA201106060,takah001,8,0,0,5,0,0,0,0,None
ANA201106060,ramoc001,8,1,0,5,1,1,0,0,None
ANA201106060,farnk001,9,1,0,5,1,0,0,0,None
ANA201106070,thomr006,8,0,0,3,1,0,0,0,farnk001
ANA201106070,jepsk001,8,0,2,4,1,1,0,1,farnk001
ANA201106070,howej003,7,1,1,3,1,0,0,1,farnk001
ANA201106070,peraj002,8,1,0,4,1,0,0,0,farnk001
ANA201106070,farnk001,9,1,0,4,1,0,0,0,farnk001
ANA201106080,downs001,8,0,2,3,0,0,0,1,farnk001
ANA201106080,waldj001,9,0,0,3,3,0,0,0,farnk001
ANA201106080,rodnf001,10,0,0,3,3,0,0,0,farnk001
ANA201106080,ramoc001,8,1,0,3,0,1,1,1,farnk001
ANA201106080,peraj002,8,1,0,3,3,0,1,0,farnk001
ANA201106080,cruzj005,9,1,0,3,3,0,0,0,farnk001
ANA201106080,farnk001,10,1,0,4,3,0,0,0,farnk001
ANA201106100,takah001,8,0,0,4,2,0,0,0,sorij001
ANA201106100,hollg001,7,1,1,4,2,1,0,0,sorij001
ANA201106100,sorij001,9,1,0,4,2,0,0,0,sorij001
ANA201106110,thomr006,6,0,1,4,5,1,1,0,waldj001
ANA201106110,jepsk001,7,0,0,5,5,0,0,0,waldj001
ANA201106110,downs001,7,0,2,5,5,1,1,0,waldj001
ANA201106110,waldj001,9,0,0,5,7,0,0,0,waldj001
ANA201106110,collt001,6,1,0,5,5,0,0,0,waldj001
ANA201106110,crowa001,7,1,1,5,5,1,1,0,waldj001
ANA201106110,teafe001,8,1,0,5,7,0,0,0,waldj001
ANA201106120,takah001,4,0,2,5,0,0,1,0,None
ANA201106120,bellt002,6,0,2,6,0,1,0,0,None
ANA201106120,woodb004,8,1,0,9,0,0,0,0,None
ANA201106270,waldj001,9,0,0,2,3,0,0,0,None
ANA201106270,downs001,10,0,0,3,3,0,0,0,None
ANA201106270,mattr001,6,1,2,2,3,1,0,1,None
ANA201106270,rodrh002,7,1,2,2,3,1,1,0,None
ANA201106270,burns001,10,1,0,3,3,0,0,0,None
ANA201106280,takah001,6,0,2,2,3,1,1,0,None
ANA201106280,thomr006,7,0,0,5,6,0,0,0,None
ANA201106280,cassb001,7,0,1,5,6,1,0,1,None
ANA201106280,kohnm001,9,0,0,5,11,0,0,0,None
ANA201106280,balec001,6,1,0,5,4,0,0,0,None
ANA201106280,cofft001,6,1,1,5,6,1,0,1,None
ANA201106280,mattr001,8,1,1,5,7,1,1,0,None
ANA201106290,downs001,8,0,1,0,1,1,0,0,waldj001
ANA201106290,waldj001,9,0,0,0,1,0,0,0,waldj001
ANA201107010,cassb001,6,0,0,4,0,0,1,0,None
ANA201107010,thomr006,7,0,1,5,0,1,1,0,None
ANA201107010,bellt002,8,0,0,5,0,0,0,0,None
ANA201107010,macdm001,8,1,0,5,0,0,0,0,None
ANA201107010,guerj002,9,1,0,5,0,0,0,0,None
ANA201107020,takah001,9,0,0,1,7,0,0,0,None
ANA201107020,jansk001,7,1,0,1,7,0,0,0,None
ANA201107020,kuo-h001,8,1,0,1,7,0,0,0,None
ANA201107030,downs001,8,0,2,1,3,0,1,0,waldj001
ANA201107030,waldj001,9,0,0,1,3,0,0,0,waldj001
ANA201107040,downs001,8,0,0,1,4,0,0,0,None
ANA201107040,kohnm001,9,0,0,1,5,0,0,0,None
ANA201107040,olivl001,5,1,2,1,3,1,0,0,None
ANA201107040,perrr001,7,1,0,1,4,0,0,0,None
ANA201107040,cokep001,8,1,0,1,4,0,0,0,None
ANA201107050,benoj001,8,1,2,0,1,1,0,0,None
ANA201107060,takah001,6,0,1,2,3,0,0,0,valvj001
ANA201107060,kohnm001,7,0,1,3,3,1,0,0,valvj001
ANA201107060,thomr006,8,0,0,5,4,0,0,0,valvj001
ANA201107060,purcd001,7,1,1,5,4,0,0,0,valvj001
ANA201107060,benoj001,8,1,0,5,4,0,0,0,valvj001
ANA201107060,valvj001,9,1,0,5,4,0,0,0,valvj001
ANA201107070,ray-c001,7,1,0,1,3,0,0,0,None
ANA201107080,downs001,8,0,0,3,3,0,0,0,None
ANA201107080,waldj001,9,0,0,3,3,0,0,0,None
ANA201107080,wrigj001,7,1,1,3,2,1,0,0,None
ANA201107080,laffa001,8,1,1,3,3,1,0,0,None
ANA201107080,pauld001,8,1,1,3,3,1,1,1,None
ANA201107090,takah001,8,0,0,3,8,0,0,0,None
ANA201107090,cassb001,9,0,0,3,9,0,0,0,None
ANA201107090,grayj002,6,1,0,3,7,0,0,0,None
ANA201107090,ray-c001,8,1,0,3,8,0,0,0,None
ANA201107100,waldj001,9,0,2,2,4,0,1,0,waldj001
ANA201107100,pauld001,8,1,0,2,2,0,0,0,waldj001
ANA201107100,wrigj001,8,1,2,2,4,1,1,0,waldj001
ANA201107190,thomr006,6,0,0,3,0,0,0,0,None
ANA201107190,kohnm001,8,0,2,3,0,0,0,0,None
ANA201107190,olivd001,9,1,0,7,0,0,0,0,None
ANA201107200,takah001,5,0,1,6,3,0,1,0,waldj001
ANA201107200,downs001,7,0,0,8,9,0,0,0,waldj001
ANA201107200,waldj001,9,0,0,8,9,0,0,0,waldj001
ANA201107200,huntt002,6,1,1,8,6,0,1,0,waldj001
ANA201107200,tatey001,7,1,0,8,9,0,0,0,waldj001
ANA201107210,downs001,8,0,0,0,1,1,0,0,waldj001
ANA201107210,waldj001,9,0,0,0,1,0,0,0,waldj001
ANA201108020,burna002,7,1,0,1,5,0,0,0,None
ANA201108020,cappm001,8,1,0,1,5,0,0,0,None
ANA201108030,takah001,5,0,1,4,4,1,1,1,None
ANA201108030,rodnf001,8,0,0,9,4,0,0,0,None
ANA201108030,ramih002,9,0,0,9,4,0,0,0,None
ANA201108030,swara001,4,1,0,4,4,0,0,0,None
ANA201108030,perkg001,9,1,0,11,4,0,0,0,None
ANA201108040,downs001,9,0,0,1,7,0,0,0,None
ANA201108040,dumap001,6,1,0,0,7,0,0,0,None
ANA201108040,mijaj001,7,1,0,0,7,0,0,0,None
ANA201108040,nathj001,8,1,0,1,7,0,0,0,None
ANA201108050,waldj001,10,0,0,0,0,0,0,0,None
ANA201108050,laffa001,7,1,0,0,0,0,0,0,None
ANA201108050,wrigj001,7,1,2,0,0,0,0,0,None
ANA201108050,luekj001,9,1,0,0,0,0,0,0,None
ANA201108050,cortd002,10,1,0,0,0,0,0,0,None
ANA201108060,ramih002,7,0,1,5,0,0,0,0,None
ANA201108060,cassb001,8,0,0,5,1,0,0,0,None
ANA201108060,leagb001,9,1,0,5,1,0,0,0,None
ANA201108070,waldj001,9,0,1,1,2,0,0,0,waldj001
ANA201108150,cassb001,1,0,2,1,0,1,0,0,None
ANA201108150,takah001,4,0,1,2,1,0,0,0,None
ANA201108150,thomr006,5,0,1,5,1,1,0,0,None
ANA201108150,pinej001,7,0,0,8,2,0,0,0,None
ANA201108150,uehak001,7,1,1,8,4,0,0,0,None
ANA201108150,lowem002,9,1,0,8,4,0,0,0,None
ANA201108160,bellt002,3,0,0,5,0,1,1,0,None
ANA201108160,ramih002,7,0,1,7,1,0,0,0,None
ANA201108160,rodnf001,8,0,0,7,1,0,0,0,None
ANA201108160,felin001,9,1,2,7,3,0,1,0,None
ANA201108170,downs001,8,0,2,4,2,1,1,0,felin001
ANA201108170,willj003,9,0,1,4,3,0,0,0,felin001
ANA201108170,uehak001,8,1,0,4,2,0,0,0,felin001
ANA201108170,felin001,9,1,0,4,3,0,0,0,felin001
ANA201108180,cassb001,8,0,0,1,0,0,0,0,None
ANA201108180,ramih002,9,0,2,1,0,1,0,0,None
ANA201108180,lowem002,8,1,0,1,0,0,0,0,None
ANA201108180,adamm001,9,1,0,1,0,0,0,0,None
ANA201108190,downs001,8,0,0,3,7,0,0,0,None
ANA201108190,rodnf001,9,0,0,3,8,0,0,0,None
ANA201108190,bergb002,6,1,0,2,5,0,0,0,None
ANA201108190,eyrew001,7,1,0,3,5,0,0,0,None
ANA201108190,gregk001,8,1,0,3,7,0,0,0,None
ANA201108200,cassb001,7,0,0,4,5,0,0,0,None
ANA201108200,waldj001,8,0,1,5,6,0,1,0,None
ANA201108200,takah001,10,0,0,6,6,0,0,0,None
ANA201108200,rodnf001,12,0,2,6,6,1,1,0,None
ANA201108200,gonzm001,7,1,1,4,6,0,0,0,None
ANA201108200,johnj010,8,1,0,6,6,0,0,0,None
ANA201108200,jakuc001,11,1,0,6,6,0,0,0,None
ANA201108200,gregk001,12,1,0,8,6,0,0,0,None
ANA201108200,pattt001,12,1,0,8,8,1,1,1,None
ANA201108210,thomr006,8,0,0,1,7,0,0,0,None
ANA201108210,bergb002,5,1,0,0,6,0,0,0,None
ANA201108210,eyrew001,8,1,0,1,7,0,0,0,None
ANA201108230,waldj001,9,0,0,4,4,0,0,0,None
ANA201108230,craij001,7,1,0,3,4,0,0,0,None
ANA201108230,ohmaw001,8,1,1,4,4,0,0,0,None
ANA201108230,frasj002,8,1,2,4,4,0,0,0,None
ANA201108240,cassb001,8,0,0,0,8,0,0,0,None
ANA201108240,rodnf001,9,0,0,0,8,0,0,0,None
ANA201108240,kinnj001,7,1,0,0,6,0,1,0,None
ANA201109020,willj003,4,0,2,4,2,1,1,1,None
ANA201109020,ramih002,6,0,0,6,2,0,0,0,None
ANA201109020,thomr006,6,0,1,7,2,0,1,0,None
ANA201109020,rodnf001,8,0,0,8,4,0,0,0,None
ANA201109020,takah001,8,0,0,10,4,1,1,1,None
ANA201109020,burna002,7,1,2,8,4,0,0,1,None
ANA201109020,hoeyj001,9,1,0,13,4,0,0,0,None
ANA201109030,cassb001,6,0,0,6,7,0,0,0,None
ANA201109030,downs001,8,0,2,6,10,0,1,0,None
ANA201109030,olivl001,2,1,1,3,4,0,1,0,None
ANA201109030,dumap001,5,1,0,6,6,0,0,0,None
ANA201109030,mijaj001,6,1,1,6,8,1,0,1,None
ANA201109030,cappm001,8,1,0,6,10,0,0,0,None
ANA201109040,downs001,8,0,0,1,2,0,0,0,waldj001
ANA201109040,waldj001,9,0,0,1,4,0,0,0,waldj001
ANA201109040,burna002,8,1,0,1,2,0,0,0,waldj001
ANA201109040,hoeyj001,8,1,0,1,3,1,1,0,waldj001
ANA201109050,cassb001,7,0,0,3,7,0,0,0,None
ANA201109050,takah001,8,0,0,3,7,0,0,0,None
ANA201109050,kells001,6,1,2,3,7,1,0,0,None
ANA201109050,jimec002,8,1,0,3,7,0,0,0,None
ANA201109060,richg002,7,0,0,2,1,0,0,0,leagb001
ANA201109060,ramih002,8,0,0,2,1,0,0,0,leagb001
ANA201109060,thomr006,8,0,1,2,1,1,0,0,leagb001
ANA201109060,bellt002,9,0,0,2,1,0,0,0,leagb001
ANA201109060,leagb001,9,1,0,2,1,0,0,0,leagb001
ANA201109070,waldj001,9,0,0,1,3,0,0,0,waldj001
ANA201109070,wilht001,8,1,1,1,2,0,1,0,waldj001
ANA201109090,waldj001,9,0,0,1,1,0,0,0,None
ANA201109090,robed002,8,1,0,1,1,0,0,0,None
ANA201109090,laffa001,9,1,0,1,1,0,0,0,None
ANA201109090,ayall001,9,1,0,1,1,1,0,0,None
ANA201109100,noesh001,7,1,0,0,1,0,0,0,None
ANA201109100,kontg001,7,1,2,0,5,0,1,0,None
ANA201109110,downs001,7,0,0,4,5,1,0,1,rivem002
ANA201109110,cassb001,8,0,0,6,5,0,0,0,rivem002
ANA201109110,takah001,9,0,0,6,5,0,0,0,rivem002
ANA201109110,wadec001,6,1,0,4,5,0,0,0,rivem002
ANA201109110,sorir001,7,1,0,6,5,0,0,0,rivem002
ANA201109110,rivem002,9,1,0,6,5,0,0,0,rivem002
ANA201109230,thomr006,9,0,1,3,1,0,0,0,baila001
ANA201109230,balfg001,8,1,1,2,1,1,1,0,baila001
ANA201109230,baila001,9,1,0,3,1,0,0,0,baila001
ANA201109240,takah001,7,0,1,1,4,0,0,0,waldj001
ANA201109240,downs001,8,0,0,1,4,0,0,0,waldj001
ANA201109240,waldj001,9,0,0,1,4,0,0,0,waldj001
ANA201109240,bresc001,8,1,0,1,4,0,0,0,waldj001
ANA201109240,caria001,8,1,2,1,4,1,0,0,waldj001
ANA201109250,cassb001,7,0,1,0,3,1,1,0,baila001
ANA201109250,downs001,8,0,0,0,3,1,0,0,baila001
ANA201109250,waldj001,8,0,2,2,3,1,1,0,baila001
ANA201109250,takah001,9,0,1,5,5,1,1,1,baila001
ANA201109250,fuenb001,7,1,0,0,3,0,0,0,baila001
ANA201109250,delof001,8,1,0,2,3,0,0,0,baila001
ANA201109250,baila001,9,1,0,6,5,0,0,0,baila001
ANA201109260,thomr006,9,0,0,4,2,0,0,0,felin001
ANA201109260,hambm001,3,1,0,1,0,0,0,0,felin001
ANA201109260,olivd001,6,1,2,3,0,0,1,0,felin001
ANA201109260,uehak001,6,1,2,3,2,1,1,1,felin001
ANA201109260,adamm001,8,1,0,4,2,0,0,0,felin001
ANA201109260,felin001,9,1,0,4,2,0,0,0,felin001
ANA201109270,willj003,3,0,2,4,1,1,1,0,None
ANA201109270,ramih002,5,0,0,8,2,0,0,0,None
ANA201109270,bellt002,7,0,0,8,2,0,0,0,None
ANA201109270,gonzm001,7,1,0,10,2,0,0,0,None
ANA201109270,tatey001,8,1,0,10,3,0,0,0,None
ANA201109270,ogana001,9,1,0,10,3,0,0,0,None
ANA201109280,cassb001,6,0,0,1,1,0,0,0,felin001
ANA201109280,takah001,8,0,0,1,1,1,0,0,felin001
ANA201109280,waldj001,9,0,0,1,1,0,0,0,felin001
ANA201109280,uehak001,7,1,0,1,1,0,0,0,felin001
ANA201109280,adamm001,8,1,0,1,1,0,0,0,felin001
ANA201109280,felin001,9,1,0,3,1,0,0,0,felin001
ANA201204060,downs001,9,0,0,0,5,0,0,0,None
ANA201204060,crowa001,7,1,0,0,0,0,0,0,None
ANA201204060,hollg001,8,1,1,0,0,1,1,1,None
ANA201204070,takah001,6,0,1,5,0,1,0,0,None
ANA201204070,isrij001,7,0,1,5,0,0,0,0,None
ANA201204070,hawkl001,8,0,0,5,2,0,0,0,None
ANA201204070,thomr006,9,0,0,6,2,0,0,0,None
ANA201204070,collt001,7,1,1,5,0,1,0,1,None
ANA201204070,hollg001,8,1,0,6,2,0,0,0,None
ANA201204070,broxj001,9,1,0,6,2,0,0,0,None
ANA201204080,takah001,6,0,2,5,2,1,0,1,broxj001
ANA201204080,isrij001,7,0,1,6,2,1,0,0,broxj001
ANA201204080,jepsk001,8,0,0,7,2,0,0,0,broxj001
ANA201204080,waldj001,9,0,0,7,3,0,0,0,broxj001
ANA201204080,mijaj001,6,1,0,6,2,0,0,0,broxj001
ANA201204080,herrk001,7,1,0,7,2,0,0,0,broxj001
ANA201204080,crowa001,8,1,1,7,3,0,1,1,broxj001
ANA201204080,broxj001,9,1,0,7,3,1,1,0,broxj001
ANA201204160,jepsk001,7,0,2,0,3,1,1,0,None
ANA201204160,downs001,8,0,0,0,3,0,0,0,None
ANA201204160,hawkl001,9,0,0,0,6,0,0,0,None
ANA201204160,caria001,8,1,0,0,4,0,1,0,None
ANA201204170,downs001,7,0,2,1,2,1,1,0,balfg001
ANA201204170,jepsk001,8,0,0,1,2,0,0,0,balfg001
ANA201204170,carpd002,8,0,1,3,2,0,1,1,balfg001
ANA201204170,fuenb001,7,1,0,1,2,0,0,0,balfg001
ANA201204170,cookr001,8,1,0,5,2,0,0,0,balfg001
ANA201204170,balfg001,9,1,0,5,2,0,0,0,balfg001
ANA201204180,isrij001,8,0,0,4,0,0,0,0,None
ANA201204180,waldj001,9,0,0,4,0,0,0,0,None
ANA201204180,takah001,9,0,2,6,0,1,1,1,None
ANA201204180,delof001,9,1,0,6,0,0,0,0,None
ANA201204190,jepsk001,7,0,0,4,2,0,0,0,balfg001
ANA201204190,hawkl001,8,0,0,4,2,0,0,0,balfg001
ANA201204190,isrij001,9,0,0,4,2,0,0,0,balfg001
ANA201204190,delof001,6,1,0,4,2,0,0,0,balfg001
ANA201204190,norbj001,6,1,0,4,2,1,0,1,balfg001
ANA201204190,cookr001,7,1,0,4,2,0,0,0,balfg001
ANA201204190,fuenb001,8,1,0,4,2,0,0,0,balfg001
ANA201204190,balfg001,9,1,0,4,2,0,0,0,balfg001
ANA201204200,hawkl001,7,0,2,3,6,0,0,0,waldj001
ANA201204200,downs001,8,0,0,3,6,0,0,0,waldj001
ANA201204200,waldj001,9,0,0,3,6,0,0,0,waldj001
ANA201204200,odayd001,6,1,0,1,3,1,1,1,waldj001
ANA201204200,ayall001,8,1,0,3,6,0,0,0,waldj001
ANA201204210,lindm001,5,1,1,2,5,1,1,1,None
ANA201204210,ayall001,7,1,0,3,5,0,0,0,None
ANA201204210,pattt001,8,1,0,3,6,0,0,0,None
ANA201204220,downs001,8,0,1,0,1,1,1,0,johnj010
ANA201204220,waldj001,9,0,1,2,2,0,0,0,johnj010
ANA201204220,hawkl001,10,0,0,2,2,0,0,0,johnj010
ANA201204220,odayd001,7,1,1,0,1,1,1,0,johnj010
ANA201204220,strop001,8,1,0,2,1,0,0,0,johnj010
ANA201204220,johnj010,10,1,0,3,2,0,0,0,johnj010
ANA201204300,hawkl001,8,0,1,2,4,1,0,0,downs001
ANA201204300,downs001,8,0,2,3,4,1,1,0,downs001
ANA201204300,burna002,7,1,0,0,3,0,0,0,downs001
ANA201204300,burtj001,8,1,0,3,4,0,0,0,downs001
ANA201205010,swara001,6,1,1,0,4,1,0,0,None
ANA201205010,grayj002,8,1,0,0,4,0,0,0,None
ANA201205020,malom001,3,1,1,0,5,1,1,0,None
ANA201205020,burna002,4,1,0,0,6,0,0,0,None
ANA201205020,duenb001,6,1,0,0,9,0,0,0,None
ANA201205020,perkg001,7,1,0,0,9,0,0,0,None
ANA201205020,cappm001,8,1,0,0,9,0,0,0,None
ANA201205030,waldj001,8,0,0,5,0,0,0,0,None
ANA201205030,carpd002,9,0,0,5,0,0,0,0,None
ANA201205040,isrij001,9,0,0,3,0,0,0,0,None
ANA201205050,friee001,9,0,0,2,6,0,0,0,None
ANA201205050,frasj002,6,1,0,1,3,1,1,1,None
ANA201205050,carrj002,7,1,0,2,5,0,0,0,None
ANA201205050,perel001,8,1,1,2,5,1,0,1,None
ANA201205060,carpd002,7,0,2,3,4,1,1,0,hawkl001
ANA201205060,friee001,8,0,0,3,4,0,0,0,hawkl001
ANA201205060,downs001,9,0,0,3,4,0,0,0,hawkl001
ANA201205060,hawkl001,9,0,1,3,4,1,0,0,hawkl001
ANA201205060,olivd001,6,1,1,2,4,0,1,0,hawkl001
ANA201205060,frasj002,6,1,2,2,4,1,1,0,hawkl001
ANA201205060,jansc001,7,1,0,3,4,0,0,0,hawkl001
ANA201205060,villc001,8,1,0,3,4,0,0,0,hawkl001
ANA201205140,takah001,7,0,0,4,0,0,0,0,None
ANA201205140,isrij001,8,0,0,4,0,0,0,0,None
ANA201205140,waldj001,9,0,0,5,0,0,0,0,None
ANA201205140,balfg001,7,1,0,4,0,0,0,0,None
ANA201205140,norbj001,8,1,0,5,0,0,0,0,None
ANA201205140,cookr001,9,1,0,5,0,0,0,0,None
ANA201205150,downs001,8,0,2,0,4,1,0,1,None
ANA201205150,friee001,9,0,2,0,4,1,0,0,None
ANA201205150,blevj001,7,1,2,0,4,0,0,0,None
ANA201205150,caria001,8,1,0,0,4,0,0,0,None
ANA201205160,isrij001,9,0,0,2,7,0,0,0,None
ANA201205160,craij001,7,1,0,2,7,0,0,0,None
ANA201205160,ohmaw001,8,1,0,2,7,0,0,0,None
ANA201205170,carpd002,4,0,2,3,0,1,0,1,None
ANA201205170,takah001,6,0,0,4,0,0,0,0,None
ANA201205170,waldj001,7,0,0,4,1,0,0,0,None
ANA201205170,pauld001,8,0,0,4,1,0,0,0,None
ANA201205170,jonen001,6,1,1,4,1,0,1,0,None
ANA201205170,thorm001,8,1,0,5,1,0,0,0,None
ANA201205170,craij001,9,1,0,6,1,0,0,0,None
ANA201205280,cassb001,1,0,0,1,0,1,0,1,None
ANA201205280,takah001,4,0,1,4,5,1,0,0,None
ANA201205280,carpd002,6,0,0,5,6,0,0,0,None
ANA201205280,isrij001,7,0,0,5,8,1,1,0,None
ANA201205280,waldj001,8,0,0,8,8,0,0,0,None
ANA201205280,epplc001,6,1,1,5,6,0,1,0,None
ANA201205280,pheld001,6,1,2,5,6,1,1,1,None
ANA201205280,logab001,8,1,2,8,8,0,0,0,None
ANA201205280,wadec001,9,1,0,8,8,0,0,0,None
ANA201205290,downs001,8,0,0,1,4,1,0,0,None
ANA201205290,friee001,9,0,0,1,5,0,0,0,None
ANA201205290,epplc001,8,1,0,1,4,1,0,0,None
ANA201205300,takah001,6,0,0,5,5,0,0,0,sorir001
ANA201205300,isrij001,7,0,0,6,5,0,0,0,sorir001
ANA201205300,downs001,8,0,0,6,5,0,0,0,sorir001
ANA201205300,richg002,9,0,0,6,5,0,0,0,sorir001
ANA201205300,logab001,7,1,2,6,5,0,0,0,sorir001
ANA201205300,wadec001,7,1,2,6,5,1,0,1,sorir001
ANA201205300,sorir001,9,1,0,6,5,0,0,0,sorir001
ANA201206010,downs001,8,0,0,2,4,0,0,0,friee001
ANA201206010,friee001,9,0,0,2,4,0,0,0,friee001
ANA201206010,ogana001,7,1,2,2,2,1,1,0,friee001
ANA201206010,uehak001,8,1,0,2,4,0,0,0,friee001
ANA201206020,waldj001,7,0,0,0,1,0,0,0,friee001
ANA201206020,cassb001,7,0,1,0,1,1,1,1,friee001
ANA201206020,downs001,8,0,0,1,3,0,0,0,friee001
ANA201206020,friee001,8,0,2,2,3,0,1,0,friee001
ANA201206020,uehak001,7,1,1,1,2,1,1,1,friee001
ANA201206020,lowem002,8,1,0,2,3,0,0,0,friee001
ANA201206030,cassb001,6,0,0,2,1,0,0,0,None
ANA201206030,takah001,7,0,0,5,2,0,0,0,None
ANA201206030,carpd002,8,0,0,5,3,0,0,0,None
ANA201206030,waldj001,9,0,1,6,3,1,0,0,None
ANA201206030,ogana001,7,1,2,5,2,1,1,0,None
ANA201206030,adamm001,8,1,0,5,3,0,0,0,None
ANA201206030,nathj001,9,1,0,7,3,0,0,0,None
ANA201206040,takah001,5,0,2,7,2,0,1,0,wilht001
ANA201206040,isrij001,8,0,0,8,4,0,0,0,wilht001
ANA201206040,carpd002,9,0,0,8,6,0,0,0,wilht001
ANA201206040,leagb001,6,1,2,7,3,1,1,0,wilht001
ANA201206040,kells001,8,1,0,8,4,0,0,0,wilht001
ANA201206040,wilht001,8,1,1,8,6,0,1,1,wilht001
ANA201206050,isrij001,8,0,0,1,6,0,0,0,None
ANA201206050,waldj001,9,0,0,1,6,0,0,0,None
ANA201206050,iwakh001,6,1,0,1,6,0,0,0,None
ANA201206060,cassb001,6,0,2,5,6,1,0,1,wilht001
ANA201206060,carpd002,6,0,2,7,6,1,1,0,wilht001
ANA201206060,downs001,9,0,0,8,6,0,0,0,wilht001
ANA201206060,kells001,5,1,0,4,4,1,0,1,wilht001
ANA201206060,pryos001,6,1,1,7,6,1,1,0,wilht001
ANA201206060,leagb001,8,1,0,8,6,0,0,0,wilht001
ANA201206060,wilht001,9,1,0,8,6,0,0,0,wilht001
ANA201206150,carpd002,7,0,1,5,0,1,0,0,None
ANA201206150,pauld001,9,0,0,5,0,0,0,0,None
ANA201206150,ziegb001,8,1,0,5,0,1,0,0,None
ANA201206150,hernd002,9,1,0,5,0,0,0,0,None
ANA201206160,ziegb001,7,1,0,0,2,0,0,0,None
ANA201206160,shawb001,8,1,0,0,2,0,0,0,None
ANA201206170,friee001,9,0,0,0,2,1,0,0,friee001
ANA201206180,takah001,4,0,1,4,2,1,0,0,garcj002
ANA201206180,hawkl001,6,0,1,4,3,0,0,1,garcj002
ANA201206180,waldj001,8,0,0,5,3,0,0,0,garcj002
ANA201206180,isrij001,9,0,0,5,3,0,0,0,garcj002
ANA201206180,louxs001,6,1,0,5,3,0,0,0,garcj002
ANA201206180,romos001,7,1,0,5,3,0,0,0,garcj002
ANA201206180,affej001,8,1,1,5,3,0,0,0,garcj002
ANA201206180,garcj002,9,1,0,5,3,0,0,0,garcj002
ANA201206190,hawkl001,7,0,1,3,9,1,1,1,None
ANA201206190,downs001,8,0,0,5,9,0,0,0,None
ANA201206190,friee001,8,0,2,5,9,0,1,1,None
ANA201206190,carpd002,9,0,0,5,12,0,0,0,None
ANA201206190,kontg001,4,1,1,1,5,1,1,1,None
ANA201206190,hensc002,7,1,0,5,9,0,0,0,None
ANA201206190,lopej002,8,1,2,5,12,1,1,0,None
ANA201206200,isrij001,7,0,0,0,3,0,0,0,None
ANA201206200,downs001,8,0,0,0,3,0,0,0,None
ANA201206200,waldj001,9,0,0,0,6,0,0,0,None
ANA201206200,louxs001,8,1,0,0,3,0,0,0,None
ANA201206220,takah001,6,0,0,5,6,0,0,0,friee001
ANA201206220,downs001,7,0,0,5,8,0,0,0,friee001
ANA201206220,isrij001,8,0,0,5,8,0,0,0,friee001
ANA201206220,friee001,9,0,0,5,8,0,0,0,friee001
ANA201206220,wrigj001,6,1,0,5,6,0,0,0,friee001
ANA201206220,cofft001,7,1,0,5,8,0,0,0,friee001
ANA201206220,belir001,8,1,0,5,8,0,0,0,friee001
ANA201206220,tolls002,8,1,2,5,8,1,0,0,friee001
ANA201206230,takah001,9,0,0,3,1,0,0,0,jansk001
ANA201206230,belir001,8,1,0,3,1,0,0,0,jansk001
ANA201206230,jansk001,9,1,0,3,1,0,0,0,jansk001
ANA201206240,downs001,7,0,2,3,3,1,0,0,friee001
ANA201206240,friee001,8,0,2,3,5,1,0,0,friee001
ANA201206240,lindj004,7,1,0,3,3,0,0,0,friee001
ANA201206240,cofft001,7,1,2,3,5,1,0,1,friee001
ANA201206240,tolls002,8,1,0,3,5,0,0,0,friee001
ANA201207050,hawkl001,5,0,1,7,8,1,1,0,friee001
ANA201207050,jepsk001,6,0,0,7,8,0,0,0,friee001
ANA201207050,isrij001,7,0,0,7,9,0,0,0,friee001
ANA201207050,downs001,8,0,0,7,9,0,0,0,friee001
ANA201207050,friee001,9,0,0,7,9,0,0,0,friee001
ANA201207050,ayall001,4,1,2,7,5,0,1,0,friee001
ANA201207050,lindm001,6,1,0,7,8,0,0,0,friee001
ANA201207050,gregk001,7,1,0,7,9,0,0,0,friee001
ANA201207050,strop001,8,1,0,7,9,0,0,0,friee001
ANA201207060,jepsk001,8,0,0,3,1,0,0,0,johnj010
ANA201207060,waldj001,9,0,0,3,2,0,0,0,johnj010
ANA201207060,odayd001,8,1,0,3,1,0,0,0,johnj010
